id;action;timestamp;ip_utilisateur;resultat;description
1;horde hoarse phew;2025-07-20T12:18:56;and tributary;translation;../fake-data/blob/hipster.txt
2;while;2025-07-20T12:28:06;desecrate;endow supposing pfft;../fake-data/blob/hipster.txt
3;pertinent;2025-07-20T10:54:32;above whether mesh;even vice nocturnal;../fake-data/blob/hipster.txt
4;inside;2025-07-20T10:27:18;knowingly hence valuable;gadzooks spook;../fake-data/blob/hipster.txt
5;poetry custody provided;2025-07-20T06:37:09;classic although during;dim foolishly;../fake-data/blob/hipster.txt
6;courageously same willfully;2025-07-20T15:52:41;certainly reluctantly than;properly but;../fake-data/blob/hipster.txt
7;before oh;2025-07-20T02:14:32;drat;as;../fake-data/blob/hipster.txt
8;darling overplay;2025-07-20T17:36:10;authentic overtrain but;hmph hyphenation bran;../fake-data/blob/hipster.txt
9;unwilling orient hairy;2025-07-20T11:06:29;worth profane nocturnal;punctual failing ha;../fake-data/blob/hipster.txt
10;endow overconfidently furthermore;2025-07-20T18:25:49;whoa past ski;spew carelessly jaunty;../fake-data/blob/hipster.txt
