id;nom;prenom;email;mot_de_passe;date_naissance;type_justificatif_age;statut;date_creation
1;near after since;grimy cricket defenseless;Halie_Carter@gmail.com;rejoin like square;2025-07-20;safely makeover uh-huh;throughout ha;2025-07-20T21:05:34
2;restfully function excluding;mozzarella fearless;Daren51@gmail.com;mid except far-off;2025-07-20;difficult knowledgeable;crossly lamp worriedly;2025-07-20T08:33:28
3;yum while charm;boldly appertain;Alyson_Franecki22@yahoo.com;instead;2025-07-20;crooked gadzooks phooey;out;2025-07-20T11:15:34
4;wearily thankfully;circa revitalise boo;Jeanie_Stroman@yahoo.com;helpfully without;2025-07-20;deck;instructor;2025-07-20T04:07:07
5;gradient elegant;winged bowler;Augusta.Schiller@hotmail.com;until upward;2025-07-20;without woot;whose almost opposite;2025-07-20T13:08:46
6;moor;blah capsize properly;Boris.Halvorson91@yahoo.com;although bonnet beautifully;2025-07-20;option qua;home probate mill;2025-07-20T11:26:27
7;spork loftily actually;round than mallard;Christ72@gmail.com;yippee mid slather;2025-07-20;ugh traffic;below urban quarrelsomely;2025-07-20T20:53:26
8;anaesthetise dampen intermix;thorn;Kayley70@hotmail.com;amongst fog but;2025-07-19;although singe comb;brr;2025-07-20T06:49:04
9;intermesh while quaintly;masculinize digital;Kyra_Klocko18@yahoo.com;maestro;2025-07-20;bitterly proud;only;2025-07-20T08:30:00
10;athwart so from;knowledgeably etch;Maria.Cummerata@yahoo.com;gadzooks;2025-07-20;descriptive;boohoo remark warmly;2025-07-20T06:25:06
